CREATE USER IF NOT EXISTS ITAG_USER password 'password';
CREATE USER IF NOT EXISTS ITAG_LADM password 'password';
CREATE USER IF NOT EXISTS HPA_USER password 'password';
CREATE USER IF NOT EXISTS RESET_USER password 'password';
CREATE USER IF NOT EXISTS OLD_NOMIS_USER password 'password';
CREATE USER IF NOT EXISTS ITAG_USER_ADM password 'password123456';
CREATE USER IF NOT EXISTS CA_USER password 'password123456';
CREATE USER IF NOT EXISTS CA_USER_TEST password 'password123456';
CREATE USER IF NOT EXISTS RESET_TEST_USER password 'password123456';
CREATE USER IF NOT EXISTS CA_USER_MULTI password 'password123456';
CREATE USER IF NOT EXISTS RO_USER password 'password123456';
CREATE USER IF NOT EXISTS RO_DEMO password 'password123456';
CREATE USER IF NOT EXISTS RO_USER_TEST password 'password123456';
CREATE USER IF NOT EXISTS RO_USER_READONLY_TEST password 'password123456';
CREATE USER IF NOT EXISTS CA_RO_DM_USER password 'password123456';
CREATE USER IF NOT EXISTS RO_USER_MULTI password 'password123456';
CREATE USER IF NOT EXISTS DM_USER password 'password123456';
CREATE USER IF NOT EXISTS DM_USER_TEST password 'password123456';
CREATE USER IF NOT EXISTS DM_USER_MULTI password 'password123456';
CREATE USER IF NOT EXISTS NOMIS_BATCHLOAD password 'password123456';
CREATE USER IF NOT EXISTS LOCKED_USER password 'password123456';
CREATE USER IF NOT EXISTS LOCKED_NOMIS_USER password 'password123456';
CREATE USER IF NOT EXISTS EXPIRED_USER password 'password123456';
CREATE USER IF NOT EXISTS EXPIRED_TEST_USER password 'password123456';
CREATE USER IF NOT EXISTS EXPIRED_TEST2_USER password 'password123456';
CREATE USER IF NOT EXISTS EXPIRED_TEST3_USER password 'password123456';
CREATE USER IF NOT EXISTS OMIC_USER password 'password';
CREATE USER IF NOT EXISTS LAA_USER password 'password';
CREATE USER IF NOT EXISTS IEP_USER password 'password';
CREATE USER IF NOT EXISTS SECURE_CASENOTE_USER password 'password123456';
CREATE USER IF NOT EXISTS PPL_USER password 'password123456';
CREATE USER IF NOT EXISTS UOF_REVIEWER_USER password 'password123456';
CREATE USER IF NOT EXISTS UOF_COORDINATOR_USER password 'password123456';
CREATE USER IF NOT EXISTS RCTL_USER password 'password123456';
CREATE USER IF NOT EXISTS POM_USER password 'password123456';
CREATE USER IF NOT EXISTS PF_RO_USER password 'password123456';
CREATE USER IF NOT EXISTS NOMIS_NEVER_LOGGED_IN password 'password123456';
CREATE USER IF NOT EXISTS SOC_PRISON_LOCAL password 'password123456';
CREATE USER IF NOT EXISTS LICENCE_READONLY_TEST password 'password123456';
CREATE USER IF NOT EXISTS NOMIS_ENABLED_AUTH_DISABLED password 'password123456';
CREATE USER IF NOT EXISTS NOMIS_LOCKED_AUTH_DISABLED password 'password123456';
CREATE USER IF NOT EXISTS PCMS_ANALYST_USER password 'password123456';
CREATE USER IF NOT EXISTS PCMS_AO_USER password 'password123456';
CREATE USER IF NOT EXISTS PCMS_GLOBAL_ADMIN_USER password 'password123456';
CREATE USER IF NOT EXISTS PRISON_COLLATOR_LOCAL password 'password123456';
CREATE USER IF NOT EXISTS PRISON_ANALYST_LOCAL password 'password123456';
CREATE USER IF NOT EXISTS IMS_ADMIN_LOCAL password 'password123456';
CREATE USER IF NOT EXISTS IMS_READONLY_LOCAL password 'password123456';
CREATE USER IF NOT EXISTS IMS_COLLATOR_LOCAL password 'password123456';
CREATE USER IF NOT EXISTS IMS_ANALYST_LOCAL password 'password123456';
CREATE USER IF NOT EXISTS NOMIS_EMAIL password 'password123456';
CREATE USER IF NOT EXISTS NOMIS_EMAIL_TEST password 'password123456';
CREATE USER IF NOT EXISTS PF_LOCAL_READER_USER password 'password123456';
CREATE USER IF NOT EXISTS PF_NATIONAL_READER_USER password 'password123456';
CREATE USER IF NOT EXISTS PF_HQ_USER password 'password123456';
CREATE USER IF NOT EXISTS PPUD_USER password 'password123456';
CREATE USER IF NOT EXISTS CALCULATE_RELEASE_DATES_LOCAL password 'password123456';
CREATE USER IF NOT EXISTS CVL_OMU_LOCAL password 'password123456';
CREATE USER IF NOT EXISTS PT_OMU_LOCAL password 'password123456';
CREATE USER IF NOT EXISTS PCMS_AUDIT_USER password 'password123456';
CREATE USER IF NOT EXISTS HWPV_CLAIM_ENTRY_BAND_2 password 'password123456';
CREATE USER IF NOT EXISTS HWPV_CLAIM_PAYMENT_BAND_3 password 'password123456';
CREATE USER IF NOT EXISTS HWPV_CASEWORK_MANAGER_BAND_5 password 'password123456';
CREATE USER IF NOT EXISTS HWPV_BAND_9 password 'password123456';
CREATE USER IF NOT EXISTS HWPV_SSCL_USER password 'password123456';
CREATE USER IF NOT EXISTS HWPV_ALL_USER password 'password123456';
CREATE USER IF NOT EXISTS MMP_USER password 'password123456';
CREATE USER IF NOT EXISTS SLM_MAILROOM_USER_LOCAL password 'password123456';
CREATE USER IF NOT EXISTS SLM_ADMIN_LOCAL password 'password123456';
CREATE USER IF NOT EXISTS LOCATION_RO password 'password123456';
CREATE USER IF NOT EXISTS LOCATION_CAP password 'password123456';
CREATE USER IF NOT EXISTS LOCATION_MAINTAIN password 'password123456';

INSERT INTO STAFF_MEMBERS (STAFF_ID, FIRST_NAME, LAST_NAME, STATUS) VALUES (1, 'ITAG', 'USER', 'ACTIVE');
INSERT INTO STAFF_MEMBERS (STAFF_ID, FIRST_NAME, LAST_NAME, STATUS) VALUES (2, 'OLD', 'NOMIS USER', 'ACTIVE');
INSERT INTO STAFF_MEMBERS (STAFF_ID, FIRST_NAME, LAST_NAME, STATUS) VALUES (3, 'Licence', 'Case Admin', 'ACTIVE');
INSERT INTO STAFF_MEMBERS (STAFF_ID, FIRST_NAME, LAST_NAME, STATUS) VALUES (4, 'Licence', 'Responsible Officer', 'ACTIVE');
INSERT INTO STAFF_MEMBERS (STAFF_ID, FIRST_NAME, LAST_NAME, STATUS) VALUES (5, 'Licence', 'Decision Maker', 'ACTIVE');
INSERT INTO STAFF_MEMBERS (STAFF_ID, FIRST_NAME, LAST_NAME, STATUS) VALUES (6, 'Licence', 'Batchloader', 'ACTIVE');
INSERT INTO STAFF_MEMBERS (STAFF_ID, FIRST_NAME, LAST_NAME, STATUS) VALUES (7, 'User', 'Locked', 'ACTIVE');
INSERT INTO STAFF_MEMBERS (STAFF_ID, FIRST_NAME, LAST_NAME, STATUS) VALUES (8, 'Catherine', 'Amos', 'ACTIVE');
INSERT INTO STAFF_MEMBERS (STAFF_ID, FIRST_NAME, LAST_NAME, STATUS) VALUES (9, 'Licence', 'Case Admin Multi', 'ACTIVE');
INSERT INTO STAFF_MEMBERS (STAFF_ID, FIRST_NAME, LAST_NAME, STATUS) VALUES (10, 'Licence', 'Responsible Officer Demo', 'ACTIVE');
INSERT INTO STAFF_MEMBERS (STAFF_ID, FIRST_NAME, LAST_NAME, STATUS) VALUES (11, 'Ryan', 'Orton', 'ACTIVE');
INSERT INTO STAFF_MEMBERS (STAFF_ID, FIRST_NAME, LAST_NAME, STATUS) VALUES (12, 'Licence', 'Responsible Officer Multi', 'ACTIVE');
INSERT INTO STAFF_MEMBERS (STAFF_ID, FIRST_NAME, LAST_NAME, STATUS) VALUES (13, 'Diane', 'Matthews', 'ACTIVE');
INSERT INTO STAFF_MEMBERS (STAFF_ID, FIRST_NAME, LAST_NAME, STATUS) VALUES (14, 'Licence', 'Decision Maker Multi', 'ACTIVE');
INSERT INTO STAFF_MEMBERS (STAFF_ID, FIRST_NAME, LAST_NAME, STATUS) VALUES (15, 'Omic', 'User', 'ACTIVE');
INSERT INTO STAFF_MEMBERS (STAFF_ID, FIRST_NAME, LAST_NAME, STATUS) VALUES (16, 'User', 'Expired', 'ACTIVE');
INSERT INTO STAFF_MEMBERS (STAFF_ID, FIRST_NAME, LAST_NAME, STATUS) VALUES (17, 'Change', 'Password', 'ACTIVE');
INSERT INTO STAFF_MEMBERS (STAFF_ID, FIRST_NAME, LAST_NAME, STATUS) VALUES (18, 'Change', 'Password2', 'ACTIVE');
INSERT INTO STAFF_MEMBERS (STAFF_ID, FIRST_NAME, LAST_NAME, STATUS) VALUES (19, 'Change', 'Password3', 'ACTIVE');
INSERT INTO STAFF_MEMBERS (STAFF_ID, FIRST_NAME, LAST_NAME, STATUS) VALUES (20, 'Local', 'Admin', 'ACTIVE');
INSERT INTO STAFF_MEMBERS (STAFF_ID, FIRST_NAME, LAST_NAME, STATUS) VALUES (21, 'Ca', 'UserTest', 'ACTIVE');
INSERT INTO STAFF_MEMBERS (STAFF_ID, FIRST_NAME, LAST_NAME, STATUS) VALUES (22, 'Iep', 'UserTest', 'ACTIVE');
INSERT INTO STAFF_MEMBERS (STAFF_ID, FIRST_NAME, LAST_NAME, STATUS) VALUES (23, 'Secure Case', 'Note', 'ACTIVE');
INSERT INTO STAFF_MEMBERS (STAFF_ID, FIRST_NAME, LAST_NAME, STATUS) VALUES (24, 'Prison', 'Prevent Lead', 'ACTIVE');
INSERT INTO STAFF_MEMBERS (STAFF_ID, FIRST_NAME, LAST_NAME, STATUS) VALUES (26, 'Use of Force', 'Reviewer', 'ACTIVE');
INSERT INTO STAFF_MEMBERS (STAFF_ID, FIRST_NAME, LAST_NAME, STATUS) VALUES (27, 'Pathfinder', 'RctlUser', 'ACTIVE');
INSERT INTO STAFF_MEMBERS (STAFF_ID, FIRST_NAME, LAST_NAME, STATUS) VALUES (29, 'Pom', 'User', 'ACTIVE');
INSERT INTO STAFF_MEMBERS (STAFF_ID, FIRST_NAME, LAST_NAME, STATUS) VALUES (30, 'Pathfinder', 'Read Only', 'ACTIVE');
INSERT INTO STAFF_MEMBERS (STAFF_ID, FIRST_NAME, LAST_NAME, STATUS) VALUES (31, 'Use of Force', 'Coordinator', 'ACTIVE');
INSERT INTO STAFF_MEMBERS (STAFF_ID, FIRST_NAME, LAST_NAME, STATUS) VALUES (32, 'User', 'Never', 'ACTIVE');
INSERT INTO STAFF_MEMBERS (STAFF_ID, FIRST_NAME, LAST_NAME, STATUS) VALUES (33, 'Licence', 'Read Only', 'ACTIVE');
INSERT INTO STAFF_MEMBERS (STAFF_ID, FIRST_NAME, LAST_NAME, STATUS) VALUES (34, 'Soc', 'Prison Local', 'ACTIVE');
INSERT INTO STAFF_MEMBERS (STAFF_ID, FIRST_NAME, LAST_NAME, STATUS) VALUES (35, 'nomis enabled', 'auth disabled', 'ACTIVE');
INSERT INTO STAFF_MEMBERS (STAFF_ID, FIRST_NAME, LAST_NAME, STATUS) VALUES (36, 'nomis disabled', 'auth disabled', 'INACT');
INSERT INTO STAFF_MEMBERS (STAFF_ID, FIRST_NAME, LAST_NAME, STATUS) VALUES (37, 'PCMS', 'Analyst', 'ACTIVE');
INSERT INTO STAFF_MEMBERS (STAFF_ID, FIRST_NAME, LAST_NAME, STATUS) VALUES (38, 'Prison', 'Collator', 'ACTIVE');
INSERT INTO STAFF_MEMBERS (STAFF_ID, FIRST_NAME, LAST_NAME, STATUS) VALUES (39, 'Prison', 'Analyst', 'ACTIVE');
INSERT INTO STAFF_MEMBERS (STAFF_ID, FIRST_NAME, LAST_NAME, STATUS) VALUES (40, 'nomis', 'email', 'ACTIVE');
INSERT INTO STAFF_MEMBERS (STAFF_ID, FIRST_NAME, LAST_NAME, STATUS) VALUES (41, 'Reset', 'User', 'ACTIVE');
INSERT INTO STAFF_MEMBERS (STAFF_ID, FIRST_NAME, LAST_NAME, STATUS) VALUES (42, 'PF local', 'Reader', 'ACTIVE');
INSERT INTO STAFF_MEMBERS (STAFF_ID, FIRST_NAME, LAST_NAME, STATUS) VALUES (43, 'PF national', 'Reader', 'ACTIVE');
INSERT INTO STAFF_MEMBERS (STAFF_ID, FIRST_NAME, LAST_NAME, STATUS) VALUES (44, 'PF HQ', 'User', 'ACTIVE');
INSERT INTO STAFF_MEMBERS (STAFF_ID, FIRST_NAME, LAST_NAME, STATUS) VALUES (45, 'PCMS', 'Authorising Officer', 'ACTIVE');
INSERT INTO STAFF_MEMBERS (STAFF_ID, FIRST_NAME, LAST_NAME, STATUS) VALUES (46, 'PCMS', 'Global Admin', 'ACTIVE');
INSERT INTO STAFF_MEMBERS (STAFF_ID, FIRST_NAME, LAST_NAME, STATUS) VALUES (47, 'Nomis', 'Email Test', 'ACTIVE');
INSERT INTO STAFF_MEMBERS (STAFF_ID, FIRST_NAME, LAST_NAME, STATUS) VALUES (48, 'Ryan', 'Orton Read Only', 'ACTIVE');
INSERT INTO STAFF_MEMBERS (STAFF_ID, FIRST_NAME, LAST_NAME, STATUS) VALUES (49, 'PPUD', 'Test User', 'ACTIVE');
INSERT INTO STAFF_MEMBERS (STAFF_ID, FIRST_NAME, LAST_NAME, STATUS) VALUES (50, 'User', 'Locked Nomis User', 'ACTIVE');
INSERT INTO STAFF_MEMBERS (STAFF_ID, FIRST_NAME, LAST_NAME, STATUS) VALUES (51, 'Calculate', 'ReleaseDates', 'ACTIVE');
INSERT INTO STAFF_MEMBERS (STAFF_ID, FIRST_NAME, LAST_NAME, STATUS) VALUES (52, 'CreateAndVary', 'Omu Local', 'ACTIVE');
INSERT INTO STAFF_MEMBERS (STAFF_ID, FIRST_NAME, LAST_NAME, STATUS) VALUES (53, 'PCMS', 'Audit', 'ACTIVE');
INSERT INTO STAFF_MEMBERS (STAFF_ID, FIRST_NAME, LAST_NAME, STATUS) VALUES (54, 'HWPV', 'Band 2', 'ACTIVE');
INSERT INTO STAFF_MEMBERS (STAFF_ID, FIRST_NAME, LAST_NAME, STATUS) VALUES (55, 'HWPV', 'Band 3', 'ACTIVE');
INSERT INTO STAFF_MEMBERS (STAFF_ID, FIRST_NAME, LAST_NAME, STATUS) VALUES (56, 'HWPV', 'Band 5', 'ACTIVE');
INSERT INTO STAFF_MEMBERS (STAFF_ID, FIRST_NAME, LAST_NAME, STATUS) VALUES (57, 'HWPV', 'Band 9', 'ACTIVE');
INSERT INTO STAFF_MEMBERS (STAFF_ID, FIRST_NAME, LAST_NAME, STATUS) VALUES (58, 'HWPV', 'SSCL', 'ACTIVE');
INSERT INTO STAFF_MEMBERS (STAFF_ID, FIRST_NAME, LAST_NAME, STATUS) VALUES (59, 'HWPV', 'All', 'ACTIVE');
INSERT INTO STAFF_MEMBERS (STAFF_ID, FIRST_NAME, LAST_NAME, STATUS) VALUES (60, 'CA RO DM', 'User', 'ACTIVE');
INSERT INTO STAFF_MEMBERS (STAFF_ID, FIRST_NAME, LAST_NAME, STATUS) VALUES (61, 'Prisoner', 'Transactions', 'ACTIVE');
INSERT INTO STAFF_MEMBERS (STAFF_ID, FIRST_NAME, LAST_NAME, STATUS) VALUES (62, 'Manage my Prison', 'User', 'ACTIVE');
INSERT INTO STAFF_MEMBERS (STAFF_ID, FIRST_NAME, LAST_NAME, STATUS) VALUES (63, 'SLM', 'Mailroom Staff', 'ACTIVE');
INSERT INTO STAFF_MEMBERS (STAFF_ID, FIRST_NAME, LAST_NAME, STATUS) VALUES (64, 'SLM', 'SLM Admin', 'ACTIVE');
INSERT INTO STAFF_MEMBERS (STAFF_ID, FIRST_NAME, LAST_NAME, STATUS) VALUES (65, 'ITAG_LADM', 'USER', 'ACTIVE');
INSERT INTO STAFF_MEMBERS (STAFF_ID, FIRST_NAME, LAST_NAME, STATUS) VALUES (66, 'HPA_USER', 'USER', 'ACTIVE');
INSERT INTO STAFF_MEMBERS (STAFF_ID, FIRST_NAME, LAST_NAME, STATUS) VALUES (67, 'Ims', 'Admin', 'ACTIVE');
INSERT INTO STAFF_MEMBERS (STAFF_ID, FIRST_NAME, LAST_NAME, STATUS) VALUES (68, 'Ims', 'Readonly', 'ACTIVE');
INSERT INTO STAFF_MEMBERS (STAFF_ID, FIRST_NAME, LAST_NAME, STATUS) VALUES (69, 'Ims', 'Collator', 'ACTIVE');
INSERT INTO STAFF_MEMBERS (STAFF_ID, FIRST_NAME, LAST_NAME, STATUS) VALUES (70, 'Ims', 'Analyst', 'ACTIVE');
INSERT INTO STAFF_MEMBERS (STAFF_ID, FIRST_NAME, LAST_NAME, STATUS) VALUES (71, 'View', 'Location', 'ACTIVE');
INSERT INTO STAFF_MEMBERS (STAFF_ID, FIRST_NAME, LAST_NAME, STATUS) VALUES (72, 'Capacity', 'Location', 'ACTIVE');
INSERT INTO STAFF_MEMBERS (STAFF_ID, FIRST_NAME, LAST_NAME, STATUS) VALUES (73, 'Maintain', 'Location', 'ACTIVE');

INSERT INTO STAFF_USER_ACCOUNTS (username, staff_user_type, staff_id, working_caseload_id, id_source)
VALUES ('ITAG_USER', 'GENERAL', 1, 'MDI', 'USER'),
('CA_USER', 'GENERAL', 3, 'BAI', 'USER'),
('RO_USER', 'GENERAL', 4, 'BAI', 'USER'),
('DM_USER', 'GENERAL', 5, 'BAI', 'USER'),
('NOMIS_BATCHLOAD', 'GENERAL', 6, 'BAI', 'USER'),
('CA_USER_TEST', 'GENERAL', 8, 'BAI', 'USER'),
('CA_USER_MULTI', 'GENERAL', 9, 'BAI', 'USER'),
('RO_DEMO', 'GENERAL', 10, 'BAI', 'USER'),
('RO_USER_TEST', 'GENERAL', 11, 'BAI', 'USER'),
('RO_USER_MULTI', 'GENERAL', 12, 'BAI', 'USER'),
('DM_USER_TEST', 'GENERAL', 13, 'BAI', 'USER'),
('DM_USER_MULTI', 'GENERAL', 14, 'BAI', 'USER'),
('RESET_TEST_USER', 'GENERAL', 21, 'BAI', 'USER'),
('IEP_USER', 'GENERAL', 22, 'MDI', 'USER'),
('SECURE_CASENOTE_USER', 'GENERAL', 23, 'LEI', 'USER'),
('PPL_USER', 'GENERAL', 24, 'BAI', 'USER'),
('UOF_REVIEWER_USER', 'GENERAL', 26, 'BAI', 'USER'),
('RCTL_USER', 'GENERAL', 27, 'BAI', 'USER'),
('POM_USER', 'GENERAL', 29, 'BAI', 'USER'),
('PF_RO_USER', 'GENERAL', 30, 'BAI', 'USER'),
('UOF_COORDINATOR_USER', 'GENERAL', 31, 'BAI', 'USER'),
('NOMIS_NEVER_LOGGED_IN', 'GENERAL', 32, 'BAI', 'USER'),
('LICENCE_READONLY_TEST', 'GENERAL', 33, 'BAI', 'USER'),
('SOC_PRISON_LOCAL', 'GENERAL', 34, 'BAI', 'USER'),
('NOMIS_ENABLED_AUTH_DISABLED', 'GENERAL', 35, 'BAI', 'USER'),
('NOMIS_LOCKED_AUTH_DISABLED', 'GENERAL', 36, 'BAI', 'USER'),
('PCMS_ANALYST_USER', 'GENERAL', 37, 'BAI', 'USER'),
('PRISON_COLLATOR_LOCAL', 'GENERAL', 38, 'BAI', 'USER'),
('PRISON_ANALYST_LOCAL', 'GENERAL', 39, 'BAI', 'USER'),
('NOMIS_EMAIL', 'GENERAL', 40, 'BAI', 'USER'),
('RESET_USER', 'GENERAL', 41, 'MDI', 'USER'),
('PF_LOCAL_READER_USER', 'GENERAL', 42, 'MDI', 'USER'),
('PCMS_AO_USER', 'GENERAL', 45, 'BAI', 'USER'),
('PCMS_GLOBAL_ADMIN_USER', 'GENERAL', 46, 'BAI', 'USER'),
('NOMIS_EMAIL_TEST', 'GENERAL', 47, 'BAI', 'USER'),
('RO_USER_READONLY_TEST', 'GENERAL', 48, 'BAI', 'USER'),
('PPUD_USER', 'GENERAL', 49, 'LEI', 'USER'),
('CALCULATE_RELEASE_DATES_LOCAL', 'GENERAL', 51, 'BAI', 'USER'),
('CVL_OMU_LOCAL', 'GENERAL', 52, 'BAI', 'USER'),
('PCMS_AUDIT_USER', 'GENERAL', 53, 'BAI', 'USER'),
('HWPV_CLAIM_ENTRY_BAND_2', 'GENERAL', 54, 'BAI', 'USER'),
('HWPV_CLAIM_PAYMENT_BAND_3', 'GENERAL', 55, 'BAI', 'USER'),
('HWPV_CASEWORK_MANAGER_BAND_5', 'GENERAL', 56, 'BAI', 'USER'),
('HWPV_BAND_9', 'GENERAL', 57, 'BAI', 'USER'),
('HWPV_SSCL_USER', 'GENERAL', 58, 'BAI', 'USER'),
('HWPV_ALL_USER', 'GENERAL', 59, 'BAI', 'USER'),
('CA_RO_DM_USER', 'GENERAL', 60, 'BAI', 'USER'),
('PT_OMU_LOCAL', 'GENERAL', 61, 'BAI', 'USER'),
('MMP_USER', 'GENERAL', 62, 'BAI', 'USER'),
('SLM_MAILROOM_USER_LOCAL', 'GENERAL', 63, 'BAI', 'USER'),
('SLM_ADMIN_LOCAL', 'GENERAL', 64, 'BAI', 'USER'),
('ITAG_LADM', 'ADMIN', 65, 'CADM_I', 'USER'),
('HPA_USER', 'GENERAL', 66, 'MDI', 'USER'),
('IMS_ADMIN_LOCAL', 'ADMIN', 67, 'BAI', 'USER'),
('IMS_READONLY_LOCAL', 'GENERAL', 68, 'BAI', 'USER'),
('IMS_COLLATOR_LOCAL', 'GENERAL', 69, 'BAI', 'USER'),
('IMS_ANALYST_LOCAL', 'GENERAL', 70, 'BAI', 'USER'),
('LOCATION_RO', 'GENERAL', 71, 'LEI', 'USER'),
('LOCATION_CAP', 'GENERAL', 72, 'LEI', 'USER'),
('LOCATION_MAINTAIN', 'GENERAL', 73, 'LEI', 'USER');

INSERT INTO STAFF_USER_ACCOUNTS (username, staff_user_type, staff_id, id_source)
VALUES ('ITAG_USER_ADM', 'ADMIN', 1, 'USER'),
('OLD_NOMIS_USER', 'GENERAL', 2, 'USER'),
('LOCKED_USER', 'GENERAL', 7, 'USER'),
('LOCKED_NOMIS_USER', 'GENERAL', 50, 'USER'),
('OMIC_USER', 'GENERAL', 15, 'USER'),
('EXPIRED_USER', 'GENERAL', 16, 'USER'),
('EXPIRED_TEST_USER', 'GENERAL', 17, 'USER'),
('EXPIRED_TEST2_USER', 'GENERAL', 18, 'USER'),
('EXPIRED_TEST3_USER', 'GENERAL', 19, 'USER'),
('LAA_USER', 'ADMIN', 20, 'USER'),
('PF_NATIONAL_READER_USER', 'GENERAL', 43, 'USER'),
('PF_HQ_USER', 'GENERAL', 44, 'USER');

INSERT INTO DBA_USERS (username, account_status, profile)
VALUES ('ITAG_USER', 'OPEN', 'TAG_GENERAL'),
('ITAG_LADM', 'OPEN', 'TAG_ADMIN'),
('HPA_USER', 'OPEN', 'TAG_GENERAL'),
('RESET_USER', 'OPEN', 'TAG_GENERAL'),
('ITAG_USER_ADM', 'OPEN', 'TAG_ADMIN'),
('OLD_NOMIS_USER', 'OPEN', 'TAG_GENERAL'),
('CA_USER', 'OPEN', 'TAG_GENERAL'),
('RO_USER', 'OPEN', 'TAG_GENERAL'),
('DM_USER', 'OPEN', 'TAG_GENERAL'),
('NOMIS_BATCHLOAD', 'OPEN', 'TAG_GENERAL'),
('LOCKED_USER', 'LOCKED', 'TAG_GENERAL'),
('LOCKED_NOMIS_USER', 'LOCKED', 'TAG_GENERAL'),
('EXPIRED_USER', 'EXPIRED', 'TAG_GENERAL'),
('EXPIRED_TEST_USER', 'EXPIRED', 'TAG_GENERAL'),
('EXPIRED_TEST2_USER', 'EXPIRED', 'TAG_GENERAL'),
('EXPIRED_TEST3_USER', 'EXPIRED', 'TAG_GENERAL'),
('CA_USER_TEST', 'OPEN', 'TAG_GENERAL'),
('RESET_TEST_USER', 'OPEN', 'TAG_GENERAL'),
('CA_USER_MULTI', 'OPEN', 'TAG_GENERAL'),
('RO_DEMO', 'OPEN', 'TAG_GENERAL'),
('RO_USER_TEST', 'OPEN', 'TAG_GENERAL'),
('RO_USER_READONLY_TEST', 'OPEN', 'TAG_GENERAL'),
('CA_RO_DM_USER', 'OPEN', 'TAG_GENERAL'),
('RO_USER_MULTI', 'OPEN', 'TAG_GENERAL'),
('DM_USER_TEST', 'OPEN', 'TAG_GENERAL'),
('DM_USER_MULTI', 'OPEN', 'TAG_GENERAL'),
('OMIC_USER', 'OPEN', 'TAG_GENERAL'),
('LAA_USER', 'OPEN', 'TAG_ADMIN'),
('IEP_USER', 'OPEN', 'TAG_GENERAL'),
('SECURE_CASENOTE_USER', 'OPEN', 'TAG_GENERAL'),
('PPL_USER', 'OPEN', 'TAG_GENERAL'),
('UOF_REVIEWER_USER', 'OPEN', 'TAG_GENERAL'),
('UOF_COORDINATOR_USER', 'OPEN', 'TAG_GENERAL'),
('RCTL_USER', 'OPEN', 'TAG_GENERAL'),
('POM_USER', 'OPEN', 'TAG_GENERAL'),
('PF_RO_USER', 'OPEN', 'TAG_GENERAL'),
('NOMIS_NEVER_LOGGED_IN', 'OPEN', 'TAG_GENERAL'),
('LICENCE_READONLY_TEST', 'OPEN', 'TAG_GENERAL'),
('SOC_PRISON_LOCAL', 'OPEN', 'TAG_GENERAL'),
('NOMIS_ENABLED_AUTH_DISABLED', 'OPEN', 'TAG_GENERAL'),
('NOMIS_LOCKED_AUTH_DISABLED', 'EXPIRED & LOCKED', 'TAG_GENERAL'),
('PCMS_ANALYST_USER', 'OPEN', 'TAG_GENERAL'),
('PCMS_AO_USER', 'OPEN', 'TAG_GENERAL'),
('PCMS_GLOBAL_ADMIN_USER', 'OPEN', 'TAG_GENERAL'),
('PRISON_COLLATOR_LOCAL', 'OPEN', 'TAG_GENERAL'),
('PRISON_ANALYST_LOCAL', 'OPEN', 'TAG_GENERAL'),
('NOMIS_EMAIL', 'OPEN', 'TAG_GENERAL'),
('NOMIS_EMAIL_TEST', 'OPEN', 'TAG_GENERAL'),
('PPUD_USER', 'OPEN', 'TAG_GENERAL'),
('CALCULATE_RELEASE_DATES_LOCAL', 'OPEN', 'TAG_GENERAL'),
('CVL_OMU_LOCAL', 'OPEN', 'TAG_GENERAL'),
('PT_OMU_LOCAL', 'OPEN', 'TAG_GENERAL'),
('PCMS_AUDIT_USER', 'OPEN', 'TAG_GENERAL'),
('HWPV_CLAIM_ENTRY_BAND_2', 'OPEN', 'TAG_GENERAL'),
('HWPV_CLAIM_PAYMENT_BAND_3', 'OPEN', 'TAG_GENERAL'),
('HWPV_CASEWORK_MANAGER_BAND_5', 'OPEN', 'TAG_GENERAL'),
('HWPV_BAND_9', 'OPEN', 'TAG_GENERAL'),
('HWPV_SSCL_USER', 'OPEN', 'TAG_GENERAL'),
('HWPV_ALL_USER', 'OPEN', 'TAG_GENERAL'),
('MMP_USER', 'OPEN', 'TAG_GENERAL'),
('SLM_MAILROOM_USER_LOCAL', 'OPEN', 'TAG_GENERAL'),
('SLM_ADMIN_LOCAL', 'OPEN', 'TAG_GENERAL'),
('IMS_ADMIN_LOCAL', 'OPEN', 'TAG_ADMIN'),
('IMS_READONLY_LOCAL', 'OPEN', 'TAG_GENERAL'),
('IMS_COLLATOR_LOCAL', 'OPEN', 'TAG_GENERAL'),
('IMS_ANALYST_LOCAL', 'OPEN', 'TAG_GENERAL'),
('LOCATION_RO', 'OPEN', 'TAG_GENERAL'),
('LOCATION_CAP', 'OPEN', 'TAG_GENERAL'),
('LOCATION_MAINTAIN', 'OPEN', 'TAG_GENERAL');

INSERT INTO SYS.USER$ (name, spare4)
VALUES ('ITAG_USER', 'S:5357FF962104521547A5FD859C373DAE5F6CE3228DF60B125FD77BB5DE1B'),
       ('HPA_USER', 'S:5357FF962104521547A5FD859C373DAE5F6CE3228DF60B125FD77BB5DE1B'),
('RESET_USER', 'S:5357FF962104521547A5FD859C373DAE5F6CE3228DF60B125FD77BB5DE1B'),
('ITAG_LADM', 'S:5357FF962104521547A5FD859C373DAE5F6CE3228DF60B125FD77BB5DE1B'),
('ITAG_USER_ADM', 'S:C59371608F601E454682E0B5293F2752A1DC31C4BDEF9D50802212AD981E'),
('OLD_NOMIS_USER', 'S:5357FF962104521547A5FD859C373DAE5F6CE3228DF60B125FD77BB5DE1B'),
('CA_USER', 'S:C59371608F601E454682E0B5293F2752A1DC31C4BDEF9D50802212AD981E'),
('RO_USER', 'S:C59371608F601E454682E0B5293F2752A1DC31C4BDEF9D50802212AD981E'),
('DM_USER', 'S:C59371608F601E454682E0B5293F2752A1DC31C4BDEF9D50802212AD981E'),
('NOMIS_BATCHLOAD', 'S:C59371608F601E454682E0B5293F2752A1DC31C4BDEF9D50802212AD981E'),
('LOCKED_USER', 'S:C59371608F601E454682E0B5293F2752A1DC31C4BDEF9D50802212AD981E'),
('LOCKED_NOMIS_USER', 'S:C59371608F601E454682E0B5293F2752A1DC31C4BDEF9D50802212AD981E'),
('EXPIRED_USER', 'S:C59371608F601E454682E0B5293F2752A1DC31C4BDEF9D50802212AD981E'),
('EXPIRED_TEST_USER', 'S:C59371608F601E454682E0B5293F2752A1DC31C4BDEF9D50802212AD981E'),
('EXPIRED_TEST2_USER', 'S:C59371608F601E454682E0B5293F2752A1DC31C4BDEF9D50802212AD981E'),
('EXPIRED_TEST3_USER', 'S:C59371608F601E454682E0B5293F2752A1DC31C4BDEF9D50802212AD981E'),
('CA_USER_TEST', 'S:C59371608F601E454682E0B5293F2752A1DC31C4BDEF9D50802212AD981E'),
('RESET_TEST_USER', 'S:C59371608F601E454682E0B5293F2752A1DC31C4BDEF9D50802212AD981E'),
('CA_USER_MULTI', 'S:C59371608F601E454682E0B5293F2752A1DC31C4BDEF9D50802212AD981E'),
('RO_DEMO', 'S:C59371608F601E454682E0B5293F2752A1DC31C4BDEF9D50802212AD981E'),
('RO_USER_TEST', 'S:C59371608F601E454682E0B5293F2752A1DC31C4BDEF9D50802212AD981E'),
('RO_USER_READONLY_TEST', 'S:C59371608F601E454682E0B5293F2752A1DC31C4BDEF9D50802212AD981E'),
('CA_RO_DM_USER', 'S:C59371608F601E454682E0B5293F2752A1DC31C4BDEF9D50802212AD981E'),
('RO_USER_MULTI', 'S:C59371608F601E454682E0B5293F2752A1DC31C4BDEF9D50802212AD981E'),
('DM_USER_TEST', 'S:C59371608F601E454682E0B5293F2752A1DC31C4BDEF9D50802212AD981E'),
('DM_USER_MULTI', 'S:C59371608F601E454682E0B5293F2752A1DC31C4BDEF9D50802212AD981E'),
('OMIC_USER', 'S:5357FF962104521547A5FD859C373DAE5F6CE3228DF60B125FD77BB5DE1B'),
('LAA_USER', 'S:5357FF962104521547A5FD859C373DAE5F6CE3228DF60B125FD77BB5DE1B'),
('IEP_USER', 'S:5357FF962104521547A5FD859C373DAE5F6CE3228DF60B125FD77BB5DE1B'),
('SECURE_CASENOTE_USER', 'S:C59371608F601E454682E0B5293F2752A1DC31C4BDEF9D50802212AD981E'),
('PPL_USER', 'S:C59371608F601E454682E0B5293F2752A1DC31C4BDEF9D50802212AD981E'),
('UOF_REVIEWER_USER', 'S:C59371608F601E454682E0B5293F2752A1DC31C4BDEF9D50802212AD981E'),
('UOF_COORDINATOR_USER', 'S:C59371608F601E454682E0B5293F2752A1DC31C4BDEF9D50802212AD981E'),
('RCTL_USER', 'S:C59371608F601E454682E0B5293F2752A1DC31C4BDEF9D50802212AD981E'),
('POM_USER', 'S:C59371608F601E454682E0B5293F2752A1DC31C4BDEF9D50802212AD981E'),
('PF_RO_USER', 'S:C59371608F601E454682E0B5293F2752A1DC31C4BDEF9D50802212AD981E'),
('NOMIS_NEVER_LOGGED_IN', 'S:C59371608F601E454682E0B5293F2752A1DC31C4BDEF9D50802212AD981E'),
('LICENCE_READONLY_TEST', 'S:C59371608F601E454682E0B5293F2752A1DC31C4BDEF9D50802212AD981E'),
('SOC_PRISON_LOCAL', 'S:C59371608F601E454682E0B5293F2752A1DC31C4BDEF9D50802212AD981E'),
('NOMIS_ENABLED_AUTH_DISABLED', 'S:C59371608F601E454682E0B5293F2752A1DC31C4BDEF9D50802212AD981E'),
('NOMIS_LOCKED_AUTH_DISABLED', 'S:C59371608F601E454682E0B5293F2752A1DC31C4BDEF9D50802212AD981E'),
('PCMS_ANALYST_USER', 'S:C59371608F601E454682E0B5293F2752A1DC31C4BDEF9D50802212AD981E'),
('PRISON_COLLATOR_LOCAL', 'S:C59371608F601E454682E0B5293F2752A1DC31C4BDEF9D50802212AD981E'),
('PRISON_ANALYST_LOCAL', 'S:C59371608F601E454682E0B5293F2752A1DC31C4BDEF9D50802212AD981E'),
('NOMIS_EMAIL', 'S:C59371608F601E454682E0B5293F2752A1DC31C4BDEF9D50802212AD981E'),
('NOMIS_EMAIL_TEST', 'S:C59371608F601E454682E0B5293F2752A1DC31C4BDEF9D50802212AD981E'),
('PCMS_AO_USER', 'S:C59371608F601E454682E0B5293F2752A1DC31C4BDEF9D50802212AD981E'),
('PCMS_GLOBAL_ADMIN_USER', 'S:C59371608F601E454682E0B5293F2752A1DC31C4BDEF9D50802212AD981E'),
('PPUD_USER', 'S:C59371608F601E454682E0B5293F2752A1DC31C4BDEF9D50802212AD981E'),
('CALCULATE_RELEASE_DATES_LOCAL', 'S:C59371608F601E454682E0B5293F2752A1DC31C4BDEF9D50802212AD981E'),
('CVL_OMU_LOCAL', 'S:C59371608F601E454682E0B5293F2752A1DC31C4BDEF9D50802212AD981E'),
('PT_OMU_LOCAL', 'S:C59371608F601E454682E0B5293F2752A1DC31C4BDEF9D50802212AD981E'),
('PCMS_AUDIT_USER', 'S:C59371608F601E454682E0B5293F2752A1DC31C4BDEF9D50802212AD981E'),
('HWPV_CLAIM_ENTRY_BAND_2', 'S:C59371608F601E454682E0B5293F2752A1DC31C4BDEF9D50802212AD981E'),
('HWPV_CLAIM_PAYMENT_BAND_3', 'S:C59371608F601E454682E0B5293F2752A1DC31C4BDEF9D50802212AD981E'),
('HWPV_CASEWORK_MANAGER_BAND_5', 'S:C59371608F601E454682E0B5293F2752A1DC31C4BDEF9D50802212AD981E'),
('HWPV_BAND_9', 'S:C59371608F601E454682E0B5293F2752A1DC31C4BDEF9D50802212AD981E'),
('HWPV_SSCL_USER', 'S:C59371608F601E454682E0B5293F2752A1DC31C4BDEF9D50802212AD981E'),
('HWPV_ALL_USER', 'S:C59371608F601E454682E0B5293F2752A1DC31C4BDEF9D50802212AD981E'),
('MMP_USER', 'S:C59371608F601E454682E0B5293F2752A1DC31C4BDEF9D50802212AD981E'),
('SLM_MAILROOM_USER_LOCAL', 'S:C59371608F601E454682E0B5293F2752A1DC31C4BDEF9D50802212AD981E'),
('SLM_ADMIN_LOCAL', 'S:C59371608F601E454682E0B5293F2752A1DC31C4BDEF9D50802212AD981E'),
('IMS_ADMIN_LOCAL', 'S:C59371608F601E454682E0B5293F2752A1DC31C4BDEF9D50802212AD981E'),
('IMS_READONLY_LOCAL', 'S:C59371608F601E454682E0B5293F2752A1DC31C4BDEF9D50802212AD981E'),
('IMS_COLLATOR_LOCAL', 'S:C59371608F601E454682E0B5293F2752A1DC31C4BDEF9D50802212AD981E'),
('IMS_ANALYST_LOCAL', 'S:C59371608F601E454682E0B5293F2752A1DC31C4BDEF9D50802212AD981E'),
('LOCATION_RO', 'S:C59371608F601E454682E0B5293F2752A1DC31C4BDEF9D50802212AD981E'),
('LOCATION_CAP', 'S:C59371608F601E454682E0B5293F2752A1DC31C4BDEF9D50802212AD981E'),
('LOCATION_MAINTAIN', 'S:C59371608F601E454682E0B5293F2752A1DC31C4BDEF9D50802212AD981E');

INSERT INTO PERSONNEL_IDENTIFICATIONS (STAFF_ID, IDENTIFICATION_TYPE, IDENTIFICATION_NUMBER) VALUES (1, 'YJAF', 'test@yjaf.gov.uk');
INSERT INTO PERSONNEL_IDENTIFICATIONS (STAFF_ID, IDENTIFICATION_TYPE, IDENTIFICATION_NUMBER) VALUES (2, 'YJAF', 'olduser@yjaf.gov.uk');

INSERT INTO USER_ACCESSIBLE_CASELOADS (CASELOAD_ID, USERNAME, START_DATE) VALUES ('NWEB', 'ITAG_USER', now());
INSERT INTO USER_ACCESSIBLE_CASELOADS (CASELOAD_ID, USERNAME, START_DATE) VALUES ('NWEB', 'ITAG_LADM', now());
INSERT INTO USER_ACCESSIBLE_CASELOADS (CASELOAD_ID, USERNAME, START_DATE) VALUES ('CADM_I', 'ITAG_LADM', now());
INSERT INTO USER_ACCESSIBLE_CASELOADS (CASELOAD_ID, USERNAME, START_DATE) VALUES ('MDI', 'ITAG_USER', now());
INSERT INTO USER_ACCESSIBLE_CASELOADS (CASELOAD_ID, USERNAME, START_DATE) VALUES ('MDI', 'OLD_NOMIS_USER', now());
INSERT INTO USER_ACCESSIBLE_CASELOADS (CASELOAD_ID, USERNAME, START_DATE) VALUES ('CADM_I', 'ITAG_USER_ADM', now());
INSERT INTO USER_ACCESSIBLE_CASELOADS (CASELOAD_ID, USERNAME, START_DATE) VALUES ('NWEB', 'HPA_USER', now());
INSERT INTO USER_ACCESSIBLE_CASELOADS (CASELOAD_ID, USERNAME, START_DATE) VALUES ('MDI',  'HPA_USER', now());
INSERT INTO USER_ACCESSIBLE_CASELOADS (CASELOAD_ID, USERNAME, START_DATE) VALUES ('NWEB', 'CA_USER', now());
INSERT INTO USER_ACCESSIBLE_CASELOADS (CASELOAD_ID, USERNAME, START_DATE) VALUES ('NWEB', 'RO_USER', now());
INSERT INTO USER_ACCESSIBLE_CASELOADS (CASELOAD_ID, USERNAME, START_DATE) VALUES ('NWEB', 'DM_USER', now());
INSERT INTO USER_ACCESSIBLE_CASELOADS (CASELOAD_ID, USERNAME, START_DATE) VALUES ('NWEB', 'NOMIS_BATCHLOAD', now());
INSERT INTO USER_ACCESSIBLE_CASELOADS (CASELOAD_ID, USERNAME, START_DATE) VALUES ('NWEB', 'LOCKED_USER', now());
INSERT INTO USER_ACCESSIBLE_CASELOADS (CASELOAD_ID, USERNAME, START_DATE) VALUES ('NWEB', 'LOCKED_NOMIS_USER', now());
INSERT INTO USER_ACCESSIBLE_CASELOADS (CASELOAD_ID, USERNAME, START_DATE) VALUES ('NWEB', 'EXPIRED_USER', now());
INSERT INTO USER_ACCESSIBLE_CASELOADS (CASELOAD_ID, USERNAME, START_DATE) VALUES ('NWEB', 'EXPIRED_TEST_USER', now());
INSERT INTO USER_ACCESSIBLE_CASELOADS (CASELOAD_ID, USERNAME, START_DATE) VALUES ('NWEB', 'EXPIRED_TEST2_USER', now());
INSERT INTO USER_ACCESSIBLE_CASELOADS (CASELOAD_ID, USERNAME, START_DATE) VALUES ('NWEB', 'EXPIRED_TEST3_USER', now());
INSERT INTO USER_ACCESSIBLE_CASELOADS (CASELOAD_ID, USERNAME, START_DATE) VALUES ('NWEB', 'ITAG_USER_ADM', now());
INSERT INTO USER_ACCESSIBLE_CASELOADS (CASELOAD_ID, USERNAME, START_DATE) VALUES ('NWEB', 'CA_USER_TEST', now());
INSERT INTO USER_ACCESSIBLE_CASELOADS (CASELOAD_ID, USERNAME, START_DATE) VALUES ('NWEB', 'RESET_TEST_USER', now());
INSERT INTO USER_ACCESSIBLE_CASELOADS (CASELOAD_ID, USERNAME, START_DATE) VALUES ('NWEB', 'CA_USER_MULTI', now());
INSERT INTO USER_ACCESSIBLE_CASELOADS (CASELOAD_ID, USERNAME, START_DATE) VALUES ('NWEB', 'RO_DEMO', now());
INSERT INTO USER_ACCESSIBLE_CASELOADS (CASELOAD_ID, USERNAME, START_DATE) VALUES ('NWEB', 'RO_USER_TEST', now());
INSERT INTO USER_ACCESSIBLE_CASELOADS (CASELOAD_ID, USERNAME, START_DATE) VALUES ('NWEB', 'RO_USER_READONLY_TEST', now());
INSERT INTO USER_ACCESSIBLE_CASELOADS (CASELOAD_ID, USERNAME, START_DATE) VALUES ('NWEB', 'CA_RO_DM_USER', now());
INSERT INTO USER_ACCESSIBLE_CASELOADS (CASELOAD_ID, USERNAME, START_DATE) VALUES ('NWEB', 'RO_USER_MULTI', now());
INSERT INTO USER_ACCESSIBLE_CASELOADS (CASELOAD_ID, USERNAME, START_DATE) VALUES ('NWEB', 'DM_USER_TEST', now());
INSERT INTO USER_ACCESSIBLE_CASELOADS (CASELOAD_ID, USERNAME, START_DATE) VALUES ('NWEB', 'DM_USER_MULTI', now());
INSERT INTO USER_ACCESSIBLE_CASELOADS (CASELOAD_ID, USERNAME, START_DATE) VALUES ('NWEB', 'OMIC_USER', now());
INSERT INTO USER_ACCESSIBLE_CASELOADS (CASELOAD_ID, USERNAME, START_DATE) VALUES ('NWEB', 'LAA_USER', now());
INSERT INTO USER_ACCESSIBLE_CASELOADS (CASELOAD_ID, USERNAME, START_DATE) VALUES ('CADM_I', 'LAA_USER', now());
INSERT INTO USER_ACCESSIBLE_CASELOADS (CASELOAD_ID, USERNAME, START_DATE) VALUES ('NWEB', 'IEP_USER', now());
INSERT INTO USER_ACCESSIBLE_CASELOADS (CASELOAD_ID, USERNAME, START_DATE) VALUES ('NWEB', 'SECURE_CASENOTE_USER', now());
INSERT INTO USER_ACCESSIBLE_CASELOADS (CASELOAD_ID, USERNAME, START_DATE) VALUES ('NWEB', 'PPL_USER', now());
INSERT INTO USER_ACCESSIBLE_CASELOADS (CASELOAD_ID, USERNAME, START_DATE) VALUES ('NWEB', 'UOF_REVIEWER_USER', now());
INSERT INTO USER_ACCESSIBLE_CASELOADS (CASELOAD_ID, USERNAME, START_DATE) VALUES ('NWEB', 'UOF_COORDINATOR_USER', now());
INSERT INTO USER_ACCESSIBLE_CASELOADS (CASELOAD_ID, USERNAME, START_DATE) VALUES ('NWEB', 'RCTL_USER', now());
INSERT INTO USER_ACCESSIBLE_CASELOADS (CASELOAD_ID, USERNAME, START_DATE) VALUES ('NWEB', 'POM_USER', now());
INSERT INTO USER_ACCESSIBLE_CASELOADS (CASELOAD_ID, USERNAME, START_DATE) VALUES ('NWEB', 'PF_RO_USER', now());
INSERT INTO USER_ACCESSIBLE_CASELOADS (CASELOAD_ID, USERNAME, START_DATE) VALUES ('NWEB', 'NOMIS_NEVER_LOGGED_IN', now());
INSERT INTO USER_ACCESSIBLE_CASELOADS (CASELOAD_ID, USERNAME, START_DATE) VALUES ('NWEB', 'LICENCE_READONLY_TEST', now());
INSERT INTO USER_ACCESSIBLE_CASELOADS (CASELOAD_ID, USERNAME, START_DATE) VALUES ('NWEB', 'SOC_PRISON_LOCAL', now());
INSERT INTO USER_ACCESSIBLE_CASELOADS (CASELOAD_ID, USERNAME, START_DATE) VALUES ('NWEB', 'NOMIS_ENABLED_AUTH_DISABLED', now());
INSERT INTO USER_ACCESSIBLE_CASELOADS (CASELOAD_ID, USERNAME, START_DATE) VALUES ('NWEB', 'NOMIS_LOCKED_AUTH_DISABLED', now());
INSERT INTO USER_ACCESSIBLE_CASELOADS (CASELOAD_ID, USERNAME, START_DATE) VALUES ('NWEB', 'PCMS_ANALYST_USER', now());
INSERT INTO USER_ACCESSIBLE_CASELOADS (CASELOAD_ID, USERNAME, START_DATE) VALUES ('NWEB', 'PCMS_AO_USER', now());
INSERT INTO USER_ACCESSIBLE_CASELOADS (CASELOAD_ID, USERNAME, START_DATE) VALUES ('NWEB', 'PCMS_GLOBAL_ADMIN_USER', now());
INSERT INTO USER_ACCESSIBLE_CASELOADS (CASELOAD_ID, USERNAME, START_DATE) VALUES ('NWEB', 'PRISON_COLLATOR_LOCAL', now());
INSERT INTO USER_ACCESSIBLE_CASELOADS (CASELOAD_ID, USERNAME, START_DATE) VALUES ('NWEB', 'PRISON_ANALYST_LOCAL', now());
INSERT INTO USER_ACCESSIBLE_CASELOADS (CASELOAD_ID, USERNAME, START_DATE) VALUES ('NWEB', 'PF_LOCAL_READER_USER', now());
INSERT INTO USER_ACCESSIBLE_CASELOADS (CASELOAD_ID, USERNAME, START_DATE) VALUES ('NWEB', 'PF_NATIONAL_READER_USER', now());
INSERT INTO USER_ACCESSIBLE_CASELOADS (CASELOAD_ID, USERNAME, START_DATE) VALUES ('NWEB', 'PF_HQ_USER', now());
INSERT INTO USER_ACCESSIBLE_CASELOADS (CASELOAD_ID, USERNAME, START_DATE) VALUES ('NWEB', 'NOMIS_EMAIL_TEST', now());
INSERT INTO USER_ACCESSIBLE_CASELOADS (CASELOAD_ID, USERNAME, START_DATE) VALUES ('NWEB', 'PPUD_USER', now());
INSERT INTO USER_ACCESSIBLE_CASELOADS (CASELOAD_ID, USERNAME, START_DATE) VALUES ('NWEB', 'CALCULATE_RELEASE_DATES_LOCAL', now());
INSERT INTO USER_ACCESSIBLE_CASELOADS (CASELOAD_ID, USERNAME, START_DATE) VALUES ('NWEB', 'CVL_OMU_LOCAL', now());
INSERT INTO USER_ACCESSIBLE_CASELOADS (CASELOAD_ID, USERNAME, START_DATE) VALUES ('NWEB', 'PT_OMU_LOCAL', now());
INSERT INTO USER_ACCESSIBLE_CASELOADS (CASELOAD_ID, USERNAME, START_DATE) VALUES ('NWEB', 'PCMS_AUDIT_USER', now());
INSERT INTO USER_ACCESSIBLE_CASELOADS (CASELOAD_ID, USERNAME, START_DATE) VALUES ('NWEB', 'HWPV_CLAIM_ENTRY_BAND_2', now());
INSERT INTO USER_ACCESSIBLE_CASELOADS (CASELOAD_ID, USERNAME, START_DATE) VALUES ('NWEB', 'HWPV_CLAIM_PAYMENT_BAND_3', now());
INSERT INTO USER_ACCESSIBLE_CASELOADS (CASELOAD_ID, USERNAME, START_DATE) VALUES ('NWEB', 'HWPV_CASEWORK_MANAGER_BAND_5', now());
INSERT INTO USER_ACCESSIBLE_CASELOADS (CASELOAD_ID, USERNAME, START_DATE) VALUES ('NWEB', 'HWPV_BAND_9', now());
INSERT INTO USER_ACCESSIBLE_CASELOADS (CASELOAD_ID, USERNAME, START_DATE) VALUES ('NWEB', 'HWPV_SSCL_USER', now());
INSERT INTO USER_ACCESSIBLE_CASELOADS (CASELOAD_ID, USERNAME, START_DATE) VALUES ('NWEB', 'HWPV_ALL_USER', now());
INSERT INTO USER_ACCESSIBLE_CASELOADS (CASELOAD_ID, USERNAME, START_DATE) VALUES ('NWEB', 'MMP_USER', now());
INSERT INTO USER_ACCESSIBLE_CASELOADS (CASELOAD_ID, USERNAME, START_DATE) VALUES ('NWEB', 'SLM_MAILROOM_USER_LOCAL', now());
INSERT INTO USER_ACCESSIBLE_CASELOADS (CASELOAD_ID, USERNAME, START_DATE) VALUES ('NWEB', 'SLM_ADMIN_LOCAL', now());
INSERT INTO USER_ACCESSIBLE_CASELOADS (CASELOAD_ID, USERNAME, START_DATE) VALUES ('NWEB', 'IMS_ADMIN_LOCAL', now());
INSERT INTO USER_ACCESSIBLE_CASELOADS (CASELOAD_ID, USERNAME, START_DATE) VALUES ('NWEB', 'IMS_READONLY_LOCAL', now());
INSERT INTO USER_ACCESSIBLE_CASELOADS (CASELOAD_ID, USERNAME, START_DATE) VALUES ('NWEB', 'IMS_COLLATOR_LOCAL', now());
INSERT INTO USER_ACCESSIBLE_CASELOADS (CASELOAD_ID, USERNAME, START_DATE) VALUES ('NWEB', 'IMS_ANALYST_LOCAL', now());
INSERT INTO USER_ACCESSIBLE_CASELOADS (CASELOAD_ID, USERNAME, START_DATE) VALUES ('NWEB', 'LOCATION_RO', now());
INSERT INTO USER_ACCESSIBLE_CASELOADS (CASELOAD_ID, USERNAME, START_DATE) VALUES ('NWEB', 'LOCATION_CAP', now());
INSERT INTO USER_ACCESSIBLE_CASELOADS (CASELOAD_ID, USERNAME, START_DATE) VALUES ('NWEB', 'LOCATION_MAINTAIN', now());

INSERT INTO USER_CASELOAD_ROLES (ROLE_ID, CASELOAD_ID, USERNAME)
VALUES ((SELECT ROLE_ID FROM OMS_ROLES WHERE ROLE_CODE = 'OMIC_ADMIN'), 'NWEB', 'ITAG_USER'),
((SELECT ROLE_ID FROM OMS_ROLES WHERE ROLE_CODE = 'KW_MIGRATION'), 'NWEB', 'ITAG_USER'),
((SELECT ROLE_ID FROM OMS_ROLES WHERE ROLE_CODE = 'KW_MIGRATION'), 'NWEB', 'ITAG_USER_ADM'),
((SELECT ROLE_ID FROM OMS_ROLES WHERE ROLE_CODE = 'NOMIS_BATCHLOAD'), 'NWEB', 'NOMIS_BATCHLOAD'),
((SELECT ROLE_ID FROM OMS_ROLES WHERE ROLE_CODE = 'MAINTAIN_ACCESS_ROLES'), 'NWEB', 'ITAG_USER_ADM'),
((SELECT ROLE_ID FROM OMS_ROLES WHERE ROLE_CODE = 'MAINTAIN_ACCESS_ROLES'), 'NWEB', 'ITAG_LADM'),
((SELECT ROLE_ID FROM OMS_ROLES WHERE ROLE_CODE = 'MAINTAIN_ACCESS_ROLES'), 'CADM_I', 'ITAG_LADM'),
((SELECT ROLE_ID FROM OMS_ROLES WHERE ROLE_CODE = 'MAINTAIN_ACCESS_ROLES_ADMIN'), 'NWEB', 'ITAG_USER_ADM'),
((SELECT ROLE_ID FROM OMS_ROLES WHERE ROLE_CODE = 'MAINTAIN_ACCESS_ROLES_ADMIN'), 'NWEB', 'ITAG_USER'),
((SELECT ROLE_ID FROM OMS_ROLES WHERE ROLE_CODE = 'GLOBAL_SEARCH'), 'NWEB', 'ITAG_USER'),
((SELECT ROLE_ID FROM OMS_ROLES WHERE ROLE_CODE = 'CREATE_CATEGORISATION'), 'NWEB', 'ITAG_USER'),
((SELECT ROLE_ID FROM OMS_ROLES WHERE ROLE_CODE = 'APPROVE_CATEGORISATION'), 'NWEB', 'ITAG_USER'),
((SELECT ROLE_ID FROM OMS_ROLES WHERE ROLE_CODE = 'CATEGORISATION_SECURITY'), 'NWEB', 'ITAG_USER'),
((SELECT ROLE_ID FROM OMS_ROLES WHERE ROLE_CODE = 'LICENCE_CA'), 'NWEB', 'CA_USER'),
((SELECT ROLE_ID FROM OMS_ROLES WHERE ROLE_CODE = 'LICENCE_RO'), 'NWEB', 'RO_USER'),
((SELECT ROLE_ID FROM OMS_ROLES WHERE ROLE_CODE = 'GLOBAL_SEARCH'), 'NWEB', 'RO_USER'),
((SELECT ROLE_ID FROM OMS_ROLES WHERE ROLE_CODE = 'INACTIVE_BOOKINGS'), 'NWEB', 'RO_USER'),
((SELECT ROLE_ID FROM OMS_ROLES WHERE ROLE_CODE = 'LICENCE_DM'), 'NWEB', 'DM_USER'),
((SELECT ROLE_ID FROM OMS_ROLES WHERE ROLE_CODE = 'OAUTH_ADMIN'), 'NWEB', 'ITAG_USER_ADM'),
((SELECT ROLE_ID FROM OMS_ROLES WHERE ROLE_CODE = 'HPA_USER'), 'NWEB', 'HPA_USER'),
((SELECT ROLE_ID FROM OMS_ROLES WHERE ROLE_CODE = 'LICENCE_CA'), 'NWEB', 'CA_USER_TEST'),
((SELECT ROLE_ID FROM OMS_ROLES WHERE ROLE_CODE = 'LICENCE_CA'), 'NWEB', 'RESET_TEST_USER'),
((SELECT ROLE_ID FROM OMS_ROLES WHERE ROLE_CODE = 'LICENCE_CA'), 'NWEB', 'CA_USER_MULTI'),
((SELECT ROLE_ID FROM OMS_ROLES WHERE ROLE_CODE = 'LICENCE_RO'), 'NWEB', 'RO_DEMO'),
((SELECT ROLE_ID FROM OMS_ROLES WHERE ROLE_CODE = 'LICENCE_RO'), 'NWEB', 'RO_USER_TEST'),
((SELECT ROLE_ID FROM OMS_ROLES WHERE ROLE_CODE = 'LICENCE_RO'), 'NWEB', 'RO_USER_MULTI'),
((SELECT ROLE_ID FROM OMS_ROLES WHERE ROLE_CODE = 'LICENCE_DM'), 'NWEB', 'DM_USER_TEST'),
((SELECT ROLE_ID FROM OMS_ROLES WHERE ROLE_CODE = 'LICENCE_DM'), 'NWEB', 'DM_USER_MULTI'),
((SELECT ROLE_ID FROM OMS_ROLES WHERE ROLE_CODE = 'MAINTAIN_ACCESS_ROLES'), 'NWEB', 'LAA_USER'),
((SELECT ROLE_ID FROM OMS_ROLES WHERE ROLE_CODE = 'MAINTAIN_OAUTH_USERS'), 'NWEB', 'ITAG_USER_ADM'),
((SELECT ROLE_ID FROM OMS_ROLES WHERE ROLE_CODE = 'MAINTAIN_IEP'), 'NWEB', 'IEP_USER'),
((SELECT ROLE_ID FROM OMS_ROLES WHERE ROLE_CODE = 'VIEW_SENSITIVE_CASE_NOTES'), 'NWEB', 'SECURE_CASENOTE_USER'),
((SELECT ROLE_ID FROM OMS_ROLES WHERE ROLE_CODE = 'ADD_SENSITIVE_CASE_NOTES'), 'NWEB', 'SECURE_CASENOTE_USER'),
((SELECT ROLE_ID FROM OMS_ROLES WHERE ROLE_CODE = 'GLOBAL_SEARCH'), 'NWEB', 'PPL_USER'),
((SELECT ROLE_ID FROM OMS_ROLES WHERE ROLE_CODE = 'PF_STD_PRISON'), 'NWEB', 'PPL_USER'),
((SELECT ROLE_ID FROM OMS_ROLES WHERE ROLE_CODE = 'USE_OF_FORCE_REVIEWER'), 'NWEB', 'UOF_REVIEWER_USER'),
((SELECT ROLE_ID FROM OMS_ROLES WHERE ROLE_CODE = 'GLOBAL_SEARCH'), 'NWEB', 'RCTL_USER'),
((SELECT ROLE_ID FROM OMS_ROLES WHERE ROLE_CODE = 'PF_APPROVAL'), 'NWEB', 'RCTL_USER'),
((SELECT ROLE_ID FROM OMS_ROLES WHERE ROLE_CODE = 'POM'), 'NWEB', 'POM_USER'),
((SELECT ROLE_ID FROM OMS_ROLES WHERE ROLE_CODE = 'PF_STD_PRISON_RO'), 'NWEB', 'PF_RO_USER'),
((SELECT ROLE_ID FROM OMS_ROLES WHERE ROLE_CODE = 'USE_OF_FORCE_COORDINATOR'), 'NWEB', 'UOF_COORDINATOR_USER'),
((SELECT ROLE_ID FROM OMS_ROLES WHERE ROLE_CODE = 'LICENCE_READONLY'), 'NWEB', 'LICENCE_READONLY_TEST'),
((SELECT ROLE_ID FROM OMS_ROLES WHERE ROLE_CODE = 'GLOBAL_SEARCH'), 'NWEB', 'SOC_PRISON_LOCAL'),
((SELECT ROLE_ID FROM OMS_ROLES WHERE ROLE_CODE = 'SOC_CUSTODY'), 'NWEB', 'SOC_PRISON_LOCAL'),
((SELECT ROLE_ID FROM OMS_ROLES WHERE ROLE_CODE = 'PCMS_ANALYST'), 'NWEB', 'PCMS_ANALYST_USER'),
((SELECT ROLE_ID FROM OMS_ROLES WHERE ROLE_CODE = 'IMS_USER'), 'NWEB', 'PRISON_COLLATOR_LOCAL'),
((SELECT ROLE_ID FROM OMS_ROLES WHERE ROLE_CODE = 'IMS_USER'), 'NWEB', 'PRISON_ANALYST_LOCAL'),
((SELECT ROLE_ID FROM OMS_ROLES WHERE ROLE_CODE = 'PF_LOCAL_READER'), 'NWEB', 'PF_LOCAL_READER_USER'),
((SELECT ROLE_ID FROM OMS_ROLES WHERE ROLE_CODE = 'PF_NATIONAL_READER'), 'NWEB', 'PF_NATIONAL_READER_USER'),
((SELECT ROLE_ID FROM OMS_ROLES WHERE ROLE_CODE = 'PF_HQ'), 'NWEB', 'PF_HQ_USER'),
((SELECT ROLE_ID FROM OMS_ROLES WHERE ROLE_CODE = 'PCMS_AUTHORISING_OFFICER'), 'NWEB', 'PCMS_AO_USER'),
((SELECT ROLE_ID FROM OMS_ROLES WHERE ROLE_CODE = 'PCMS_GLOBAL_ADMIN'), 'NWEB', 'PCMS_GLOBAL_ADMIN_USER'),
((SELECT ROLE_ID FROM OMS_ROLES WHERE ROLE_CODE = 'HMPPS_REGISTERS_MAINTAINER'), 'NWEB', 'ITAG_USER'),
((SELECT ROLE_ID FROM OMS_ROLES WHERE ROLE_CODE = 'MANAGE_RECALLS'), 'NWEB', 'PPUD_USER'),
((SELECT ROLE_ID FROM OMS_ROLES WHERE ROLE_CODE = 'PCMS_AUDIT'), 'NWEB', 'PCMS_AUDIT_USER'),
((SELECT ROLE_ID FROM OMS_ROLES WHERE ROLE_CODE = 'HWPV_CLAIM_ENTRY_BAND_2'), 'NWEB', 'HWPV_CLAIM_ENTRY_BAND_2'),
((SELECT ROLE_ID FROM OMS_ROLES WHERE ROLE_CODE = 'HWPV_CLAIM_ENTRY_BAND_2'), 'NWEB', 'HWPV_ALL_USER'),
((SELECT ROLE_ID FROM OMS_ROLES WHERE ROLE_CODE = 'HWPV_CLAIM_PAYMENT_BAND_3'), 'NWEB', 'HWPV_CLAIM_PAYMENT_BAND_3'),
((SELECT ROLE_ID FROM OMS_ROLES WHERE ROLE_CODE = 'HWPV_CLAIM_PAYMENT_BAND_3'), 'NWEB', 'HWPV_ALL_USER'),
((SELECT ROLE_ID FROM OMS_ROLES WHERE ROLE_CODE = 'HWPV_CASEWORK_MANAGER_BAND_5'), 'NWEB', 'HWPV_CASEWORK_MANAGER_BAND_5'),
((SELECT ROLE_ID FROM OMS_ROLES WHERE ROLE_CODE = 'HWPV_CASEWORK_MANAGER_BAND_5'), 'NWEB', 'HWPV_ALL_USER'),
((SELECT ROLE_ID FROM OMS_ROLES WHERE ROLE_CODE = 'HWPV_BAND_9'), 'NWEB', 'HWPV_BAND_9'),
((SELECT ROLE_ID FROM OMS_ROLES WHERE ROLE_CODE = 'HWPV_BAND_9'), 'NWEB', 'HWPV_ALL_USER'),
((SELECT ROLE_ID FROM OMS_ROLES WHERE ROLE_CODE = 'HWPV_SSCL'), 'NWEB', 'HWPV_SSCL_USER'),
((SELECT ROLE_ID FROM OMS_ROLES WHERE ROLE_CODE = 'HWPV_SSCL'), 'NWEB', 'HWPV_ALL_USER'),
((SELECT ROLE_ID FROM OMS_ROLES WHERE ROLE_CODE = 'LICENCE_CA'), 'NWEB', 'CA_RO_DM_USER'),
((SELECT ROLE_ID FROM OMS_ROLES WHERE ROLE_CODE = 'LICENCE_RO'), 'NWEB', 'CA_RO_DM_USER'),
((SELECT ROLE_ID FROM OMS_ROLES WHERE ROLE_CODE = 'LICENCE_DM'), 'NWEB', 'CA_RO_DM_USER'),
((SELECT ROLE_ID FROM OMS_ROLES WHERE ROLE_CODE = 'GLOBAL_SEARCH'), 'NWEB', 'CA_RO_DM_USER'),
((SELECT ROLE_ID FROM OMS_ROLES WHERE ROLE_CODE = 'MMP_READER'), 'NWEB', 'MMP_USER'),
((SELECT ROLE_ID FROM OMS_ROLES WHERE ROLE_CODE = 'RELEASE_DATES_CALCULATOR'), 'NWEB', 'CALCULATE_RELEASE_DATES_LOCAL'),
((SELECT ROLE_ID FROM OMS_ROLES WHERE ROLE_CODE = 'SLM_SCAN_BARCODE'), 'NWEB', 'SLM_MAILROOM_USER_LOCAL'),
((SELECT ROLE_ID FROM OMS_ROLES WHERE ROLE_CODE = 'SLM_ADMIN'), 'NWEB', 'SLM_ADMIN_LOCAL'),
((SELECT ROLE_ID FROM OMS_ROLES WHERE ROLE_CODE = 'IMS_USER'), 'NWEB', 'IMS_ADMIN_LOCAL'),
((SELECT ROLE_ID FROM OMS_ROLES WHERE ROLE_CODE = 'IMS_USER'), 'NWEB', 'IMS_READONLY_LOCAL'),
((SELECT ROLE_ID FROM OMS_ROLES WHERE ROLE_CODE = 'IMS_USER'), 'NWEB', 'IMS_COLLATOR_LOCAL'),
((SELECT ROLE_ID FROM OMS_ROLES WHERE ROLE_CODE = 'IMS_USER'), 'NWEB', 'IMS_ANALYST_LOCAL'),
((SELECT ROLE_ID FROM OMS_ROLES WHERE ROLE_CODE = 'VIEW_INTERNAL_LOCATION'), 'NWEB', 'LOCATION_RO'),
((SELECT ROLE_ID FROM OMS_ROLES WHERE ROLE_CODE = 'VIEW_INTERNAL_LOCATION'), 'NWEB', 'LOCATION_CAP'),
((SELECT ROLE_ID FROM OMS_ROLES WHERE ROLE_CODE = 'MANAGE_RES_LOCATIONS_OP_CAP'), 'NWEB', 'LOCATION_CAP'),
((SELECT ROLE_ID FROM OMS_ROLES WHERE ROLE_CODE = 'VIEW_INTERNAL_LOCATION'), 'NWEB', 'LOCATION_MAINTAIN'),
((SELECT ROLE_ID FROM OMS_ROLES WHERE ROLE_CODE = 'MANAGE_RES_LOCATIONS_OP_CAP'), 'NWEB', 'LOCATION_MAINTAIN'),
((SELECT ROLE_ID FROM OMS_ROLES WHERE ROLE_CODE = 'MANAGE_RESIDENTIAL_LOCATIONS'), 'NWEB', 'LOCATION_MAINTAIN');



Insert into internet_addresses (INTERNET_ADDRESS_ID, OWNER_CLASS, OWNER_ID, OWNER_SEQ, OWNER_CODE,
                                INTERNET_ADDRESS_CLASS, INTERNET_ADDRESS, CREATE_DATETIME, CREATE_USER_ID,
                                MODIFY_DATETIME, MODIFY_USER_ID, AUDIT_TIMESTAMP, AUDIT_USER_ID, AUDIT_MODULE_NAME,
                                AUDIT_CLIENT_USER_ID, AUDIT_CLIENT_IP_ADDRESS, AUDIT_CLIENT_WORKSTATION_NAME,
                                AUDIT_ADDITIONAL_INFO)
VALUES (138250, 'STF', 4, null, null, 'EMAIL', 'Phillips@BobJustice.gov.uk',
        to_timestamp('06-DEC-18 16.08.27.910960000', 'DD-MON-RR HH24.MI.SSXFF'), 'PPHILLIPS_ADM', null, null,
        to_timestamp('06-DEC-18 16.08.27.911332000', 'DD-MON-RR HH24.MI.SSXFF'), 'PPHILLIPS_ADM', 'OUMPERSO',
        'pphillips', '10.102.2.4', 'MGMRW0100', null),
(138251, 'STF', 4, null, null, 'EMAIL', 'phillips@fredjustice.gov.uk',
    to_timestamp('06-DEC-18 16.08.43.742506000', 'DD-MON-RR HH24.MI.SSXFF'), 'PPHILLIPS_ADM', null, null,
    to_timestamp('06-DEC-18 16.08.43.742717000', 'DD-MON-RR HH24.MI.SSXFF'), 'PPHILLIPS_ADM', 'OUMPERSO',
    'pphillips', '10.102.2.4', 'MGMRW0100', null),
(138252, 'STF', 10, null, null, 'EMAIL', 'ro_user@some.justice.gov.uk',
    to_timestamp('06-DEC-18 16.08.43.742506000', 'DD-MON-RR HH24.MI.SSXFF'), 'PPHILLIPS_ADM', null, null,
    to_timestamp('06-DEC-18 16.08.43.742717000', 'DD-MON-RR HH24.MI.SSXFF'), 'PPHILLIPS_ADM', 'OUMPERSO',
    'pphillips', '10.102.2.4', 'MGMRW0100', null),
(138253, 'STF', 32, null, null, 'EMAIL', 'bob.smith.no@justice.gov.uk',
    to_timestamp('06-DEC-18 16.08.43.742506000', 'DD-MON-RR HH24.MI.SSXFF'), 'NOMIS_NEVER_LOGGED_IN', null, null,
    to_timestamp('06-DEC-18 16.08.43.742717000', 'DD-MON-RR HH24.MI.SSXFF'), 'NOMIS_NEVER_LOGGED_IN', 'OUMPERSO',
    'pphillips', '10.102.2.4', 'MGMRW0100', null),
(138254, 'STF', 32, null, null, 'EMAIL', 'bob@hmps.gsi.gov.uk',
    to_timestamp('06-DEC-18 16.08.43.742506000', 'DD-MON-RR HH24.MI.SSXFF'), 'NOMIS_NEVER_LOGGED_IN', null, null,
    to_timestamp('06-DEC-18 16.08.43.742717000', 'DD-MON-RR HH24.MI.SSXFF'), 'NOMIS_NEVER_LOGGED_IN', 'OUMPERSO',
    'pphillips', '10.102.2.4', 'MGMRW0100', null),
(138255, 'STF', 40, null, null, 'EMAIL', 'fred@some.justice.gov.uk',
    to_timestamp('06-DEC-18 16.08.43.742506000', 'DD-MON-RR HH24.MI.SSXFF'), 'PPHILLIPS_ADM', null, null,
    to_timestamp('06-DEC-18 16.08.43.742717000', 'DD-MON-RR HH24.MI.SSXFF'), 'PPHILLIPS_ADM', 'OUMPERSO',
    'pphillips', '10.102.2.4', 'MGMRW0100', null),
(138256, 'STF', 1, null, null, 'EMAIL', 'multiple.user.test@digital.justice.gov.uk',
    to_timestamp('06-DEC-18 16.08.43.742506000', 'DD-MON-RR HH24.MI.SSXFF'), 'PPHILLIPS_ADM', null, null,
    to_timestamp('06-DEC-18 16.08.43.742717000', 'DD-MON-RR HH24.MI.SSXFF'), 'PPHILLIPS_ADM', 'OUMPERSO',
    'pphillips', '10.102.2.4', 'MGMRW0100', null),
(138257, 'STF', 66, null, null, 'EMAIL', 'hpa.user@digital.justice.gov.uk',
    to_timestamp('06-DEC-18 16.08.43.742506000', 'DD-MON-RR HH24.MI.SSXFF'), 'HPA_USER', null, null,
    to_timestamp('06-DEC-18 16.08.43.742717000', 'DD-MON-RR HH24.MI.SSXFF'), 'HPA_USER', 'OUMPERSO',
    'pphillips', '10.102.2.4', 'MGMRW0100', null);

insert into LAA_ADMINISTRATORS(LOCAL_AUTHORITY_CODE,USERNAME, ACTIVE_FLAG)
values ('CADM_I','ITAG_LADM','Y'),
       ('BAI','ITAG_LADM','Y'),
       ('CADM_I','LAA_USER','Y'),
       ('MDI','LAA_USER','Y'),
       ('BAI','LAA_USER','N'),
       ('MDI','OLD_NOMIS_USER','N');

insert into LAA_GENERAL_USERS(LOCAL_AUTHORITY_CODE,USERNAME, START_DATE)
values ('CADM_I','ITAG_LADM',sysdate),
       ('CADM_I','LAA_USER',sysdate),
       ('MDI','OLD_NOMIS_USER',sysdate);



